a2,code,hasc,name,wikicode,osm_id,lang,lang2
ABKHAZIIA - AP'SNY,,,Republic of Abkhazia,Q23334,1152720,ab,
ACUERDO DE CAMPOS DE HIELO,,,Acuerdo de Campos de Hielo,Q5977199,4112727,es,
AFG,afg,AF,Afghanistan,Q889,303427,fa,
AGO,ago,AO,Angola,Q916,195267,en,
ALB,alb,AL,Albania,Q222,53292,sq,
ARE,are,AE,United Arab Emirates,Q878,307763,ar,
ARG,arg,AR,Argentina,Q414,286393,es,
ARM,arm,AM,Armenia,Q399,364066,hy,
AUS,aus,AU,Australia,Q408,80500,en,
AUT,aut,AT,Austria,Q40,16239,de,
AZE,aze,AZ,Azerbaijan,Q227,364110,az,
BDI,bdi,BI,Burundi,Q967,195269,rn,fr
BEL,bel,BE,Belgium,Q31,52411,nl,
BEN,ben,BJ,Benin,Q962,192784,fr,
BFA,bfa,BF,Burkina Faso,Q965,192783,fr,
BGD,bgd,BD,Bangladesh,Q902,184640,bn,en
BGR,bgr,BG,Bulgaria,Q219,186382,bg,
BIH,bih,BA,Bosnia and Herzegovina,Q225,2528142,bs,
BLR,blr,BY,Belarus,Q184,59065,ru,be
BLZ,blz,BZ,Belize,Q242,287827,es,
BOL,bol,BO,Bolivia (Plurinational State of),Q750,252645,es,
BHR,bhr,BH,Bahrain,Q398,378734,ar,
BRA,bra,BR,Brazil,Q155,59470,pt,
BRN,brn,BN,Brunei Darussalam,Q921,2103120,ms,en
BTN,btn,BT,Bhutan,Q917,184629,dz,
BWA,bwa,BW,Botswana,Q963,1889339,tn,en
CAF,caf,CF,Central African Republic,Q929,192790,sg,fr
CAN,can,CA,Canada,Q16,1428125,fr,en
CHE,che,CH,Switzerland,Q39,51701,de,
CHL,chl,CL,Chile,Q298,167454,es,
CHN,chn,CN,China,Q148,270056,zh,
CIV,civ,CI,Côte d'Ivoire,Q1008,192779,fr,
CMR,cmr,CM,Cameroon,Q1009,192830,fr,en
COD,cod,CD,Democratic Republic of the Congo,Q974,192795,fr,
COG,cog,CG,Congo,Q971,192794,fr,ln
COL,col,CO,Colombia,Q739,120027,es,
CRI,cri,CR,Costa Rica,Q800,287667,es,
CUB,cub,CU,Cuba,Q241,307833,es,
CYP,cyp,CY,Cyprus,Q229,307787,el,tr
CZE,cze,CZ,Czechia,Q213,51684,cz,
DEU,deu,DE,Germany,Q183,51477,de,
DJI,dji,DJ,Djibouti,Q977,192801,ar,fr
DNK,dnk,DK,Denmark,Q35,50046,da,
DOM,dom,DO,Dominican Republic,Q786,307828,es,
DZA,dza,DZ,Algeria,Q262,192756,ar,
ECU,ecu,EC,Ecuador,Q736,108089,es,
EGY,egy,EG,Egypt,Q79,1473947,ar,
ERI,eri,ER,Eritrea,Q986,296961,ti,ar
ESH,esh,EH,Western Sahara,Q6250,2559126,ar,es
ESP,esp,ES,Spain,Q29,1311341,es,
EST,est,EE,Estonia,Q191,79510,et,
ETH,eth,ET,Ethiopia,Q115,192800,en,
FIN,fin,FI,Finland,Q33,54224,fi,
FJI,fji,FJ,Fiji,Q712,571747,fj,en
FLK,flk,FK,Falkland Islands (Malvinas),Q9648,2185374,en,
FRA,fra,FR,France,Q142,2202162,fr,
GAB,gab,GA,Gabon,Q1000,192793,fr,
GBR,gbr,GB,United Kingdom,Q145,62149,en,
GEO,geo,GE,Georgia,Q230,28699,ka,
GHA,gha,GH,Ghana,Q117,192781,en,tw
GIN,gin,GN,Guinea,Q1006,192778,fr,
GNB,gnb,GW,Guinea-Bissau,Q1007,192776,pt,
GNQ,gnq,GQ,Equatorial Guinea,Q983,192791,es,fr
GRC,grc,GR,Greece,Q41,192307,el,
GRL,grl,GL,Greenland,Q223,2184073,kl,
GTM,gtm,GT,Guatemala,Q774,1521463,es,
GUY,guy,GY,Guyana,Q734,287083,en,
HND,hnd,HN,Honduras,Q783,287670,es,
HRV,hrv,HR,Croatia,Q224,214885,hr,
HTI,hti,HT,Haiti,Q790,307829,fr,ht
HUN,hun,HU,Hungary,Q28,21335,hu,
IDN,idn,ID,Indonesia,Q252,304751,id,
IND,ind,IN,India,Q668,304716,hi,
IRL,irl,IE,Ireland,Q27,62273,en,
IRN,irn,IR,Iran (Islamic Republic of),Q794,304938,fa,
IRQ,irq,IQ,Iraq,Q796,304934,ar,
ISL,isl,IS,Iceland,Q189,299133,is,
ISR,isr,IL,Israel,Q801,1473946,he,
ITA,ita,IT,Italy,Q38,365331,it,
JAM,jam,JM,Jamaica,Q766,555017,en,
JOR,jor,JO,Jordan,Q810,184818,ar,
JPN,jpn,JP,Japan,Q17,382313,ja,
KAZ,kaz,KZ,Kazakhstan,Q232,214665,kz,
KEN,ken,KE,Kenya,Q114,192798,en,sw
KGZ,kgz,KG,Kyrgyzstan,Q813,178009,ky,ru
KHM,khm,KH,Cambodia,Q424,49898,km,
KHUSSAR IRYSTON,,,South Ossetia,Q23427,1152717,os,ru
KOR,kor,KR,Republic of Korea,Q884,307756,ko,
KWT,kwt,KW,Kuwait,Q817,305099,ar,
LAO,lao,LA,Lao People's Democratic Republic,Q819,49903,lo,fr
LBN,lbn,LB,Lebanon,Q822,184843,ar,
LBR,lbr,LR,Liberia,Q1014,192780,en,
LBY,lby,LY,Libya,Q1016,192758,ar,
LKA,lka,LK,Sri Lanka,Q854,536807,en,si
LSO,lso,LS,Lesotho,Q1013,2093234,st,en
LTU,ltu,LT,Lithuania,Q37,72596,lt,
LUX,lux,LU,Luxembourg,Q32,2171347,de,lb
LVA,lva,LV,Latvia,Q211,72594,lv,
MAR,mar,MA,Morocco,Q1028,3630439,ar,fr
MDA,mda,MD,Republic of Moldova,Q217,58974,ro,
MDG,mdg,MG,Madagascar,Q1019,447325,mg,fr
MEX,mex,MX,Mexico,Q96,114686,es,
MKD,mkd,MK,North Macedonia,Q221,53293,mk,
MLI,mli,ML,Mali,Q912,192785,fr,
MMR,mmr,MM,Myanmar,Q836,50371,my,
MNE,mne,ME,Montenegro,Q236,53296,mis,sr
MNG,mng,MN,Mongolia,Q711,161033,mn,
MOZ,moz,MZ,Mozambique,Q1029,195273,pt,
MRT,mrt,MR,Mauritania,Q1025,192763,ar,
MWI,mwi,MW,Malawi,Q1020,195290,en,ny
MYS,mys,MY,Malaysia,Q833,2108121,my,
NAM,nam,NA,Namibia,Q1030,195266,en,af
NER,ner,NE,Niger,Q1032,192786,fr,ha
NGA,nga,NG,Nigeria,Q1033,192787,en,
NIC,nic,NI,Nicaragua,Q811,287666,es,
NLD,nld,NL,Netherlands,Q29999,2323309,nl,
NOR,nor,NO,Norway,Q20,2978650,no,
NPL,npl,NP,Nepal,Q837,184633,ne,
NZL,nzl,NZ,New Zealand,Q664,556706,en,
OMN,omn,OM,Oman,Q842,305138,ar,
PAK,pak,PK,Pakistan,Q843,307573,ur,en
PAN,pan,PA,Panama,Q804,287668,es,
PER,per,PE,Peru,Q419,288247,es,
PHL,phl,PH,Philippines,Q928,443174,tl,
PNG,png,PG,Papua New Guinea,Q691,307866,ho,en
POL,pol,PL,Poland,Q36,49715,pl,
PRK,prk,KP,Democratic People's Republic of Korea,Q423,192734,ko,
PRT,prt,PT,Portugal,Q45,295480,pt,
PRY,pry,PY,Paraguay,Q733,287077,es,
PSE,pse,PS,State of Palestine,Q219060,1703814,ar,
QAT,qat,QA,Qatar,Q846,305095,ar,
ROU,rou,RO,Romania,Q218,90689,ro,
RUS,rus,RU,Russian Federation,Q159,60189,ru,
RWA,rwa,RW,Rwanda,Q1037,171496,rw,fr
SAU,sau,SA,Saudi Arabia,Q851,307584,ar,
SDN,sdn,SD,Sudan,Q1049,192789,ar,en
SEN,sen,SN,Senegal,Q1041,192775,fr,wo
SLE,sle,SL,Sierra Leone,Q1044,192777,en,
SLV,slv,SV,El Salvador,Q792,1520612,es,
SOM,som,SO,Somalia,Q1045,192799,ar,
SRB,srb,RS,Serbia,Q403,1741311,sr,
SSD,ssd,SS,South Sudan,Q958,1656678,en,
SUR,sur,SR,Suriname,Q730,287082,nl,
SVK,svk,SK,Slovakia,Q214,14296,sk,
SVN,svn,SI,Slovenia,Q215,218657,sl,
SWE,swe,SE,Sweden,Q34,52822,sv,
SWZ,swz,SZ,Eswatini,Q1050,88210,ss,en
SYR,syr,SY,Syrian Arab Republic,Q858,184840,ar,
TCD,tcd,TD,Chad,Q657,2361304,ar,fr
TGO,tgo,TG,Togo,Q945,192782,fr,
THA,tha,TH,Thailand,Q869,2067731,th,
TJK,tjk,TJ,Tajikistan,Q863,214626,fa,ru
TKM,tkm,TM,Turkmenistan,Q874,223026,tk,ru
TLS,tls,TL,Timor-Leste,Q574,305142,pt,
TTO,tto,TT,Trinidad and Tobago,Q754,555717,en,
TUN,tun,TN,Tunisia,Q948,192757,ar,
TUR,tur,TR,Türkiye,Q43,174737,tr,
TWN,twn,TW,Taiwan (Province of China),Q865,449220,zh,
TZA,tza,TZ,United Republic of Tanzania,Q924,195270,sw,en
UGA,uga,UG,Uganda,Q1036,192796,sw,en
UKR,ukr,UA,Ukraine,Q212,60199,uk,
URY,ury,UY,Uruguay,Q77,287072,es,
USA,usa,US,United States,Q30,148838,en,
UZB,uzb,UZ,Uzbekistan,Q265,196240,uz,
VEN,ven,VE,Venezuela (Bolivarian Republic of),Q717,272644,es,
VNM,vnm,VN,Viet Nam,Q881,49915,vi,
XXK,,,Republic of Kosovo,Q1246,2088990,sq,sr
YEM,yem,YE,Yemen,Q805,305092,ar,
ZAF,zaf,ZA,South Africa,Q258,87565,af,
ZMB,zmb,ZM,Zambia,Q953,195271,en,
ZWE,zwe,ZW,Zimbabwe,Q954,195272,sn,en
ATA,ata,AQ,Antarctica,Q21590062,2186646,en,
SOUTH AFRICA,,,Republic of South Africa,Q258,87565,af,en
